author_name,start year,end_year,lifetime
A. Elantably,2017,2017,1
Aamer Jaleel,2019,2019,1
Aaron Carpenter,2011,2012,2
Abbas BanaiyanMofrad,2013,2013,1
Abbas Eslami Kiasari,2013,2013,1
Abbas Mazloumi,2015,2015,1
Abbas Sheibanyrad,2006,2013,8
Abdelkarim Mercha,2011,2011,1
Abdoulaye Gamati¨¦,2017,2017,1
Abhijit Das 0002,2018,2018,1
Abhishek Das,2012,2012,1
Abhishek Vashist,2018,2018,1
Achim Nohl,2004,2004,1
Ad M. G. Peeters,2002,2002,1
Adam Kaplan,2008,2008,1
Adam Kostrzewa,2016,2016,1
Adam S. Hartman,2010,2010,1
Ad¨¢n Kohler,2009,2010,2
Aditi Kulkarni Mohite,2017,2017,1
Aditya Narayan,2019,2020,2
Adnan Aziz,2007,2007,1
Adrian Colaso,2012,2012,1
Adrian Schiechel,2019,2019,1
Adrijean Andriahantenaina,2003,2003,1
Ahmad Samih,2013,2013,1
Ahmed Abousamra,2011,2013,3
Ahmed Amine Jerraya,2004,2011,8
Ahmed Hemani,2002,2017,16
Ahmed Jerraya,2010,2010,1
Ahmed Louri,2008,2019,12
Ahsen Ejaz,2018,2018,1
Ajay Joshi,2009,2016,8
Akash Kumar 0001,2013,2013,1
Akbar Sharifi,2010,2010,1
Akhilesh Kumar,2013,2013,1
Akram Ben Ahmed,2018,2018,1
Al Davis,2011,2011,1
Alain Clouard,2005,2005,1
Alain Fourmigue,2011,2015,5
Alain Greiner,2003,2011,9
Alain M¨¦rigot,2010,2010,1
Alain Phommahaxay,2011,2011,1
Alan Burns,2008,2018,11
Alan J. Hu,2006,2006,1
Alan Rolf Mickelson,2009,2009,1
Alan Smith,2020,2020,1
Albert Cabellos-Aparicio,2013,2018,6
Albert M. Young,2007,2007,1
Alberto Celin,2016,2016,1
Alberto Garc¨ªa Ortiz,2018,2018,1
Alberto Ghiribaldi,2013,2014,2
Alberto L. Sangiovanni-Vincentelli,2001,2001,1
Alberto Scandurra,2004,2004,1
Aleksandr Biberman,2007,2011,5
Alenka G. Zajic,2011,2011,1
Alessandro Capotondi,2014,2014,1
Alessandro Cilardo,2016,2016,1
Alessandro Cremonesi,2010,2010,1
Alessandro Pilia,2010,2010,1
Alessandro Strano,2009,2011,3
Alex Bobrek,2004,2004,1
Alex K. Jones,2010,2015,6
Alex Yakovlev,2014,2015,2
Alexander Biewer,2014,2014,1
Alexander G. Schwing,2019,2019,1
Alexander Hall,2009,2009,1
Alexander Sprintson,2010,2013,4
Alexander Stegmeier,2017,2017,1
Alexander Tschiene,2014,2014,1
Alexandre Briere,2014,2014,1
Alexandre Coelho,2018,2018,1
Alexandre Guerre,2010,2010,1
Alexandre M. Amory,2005,2013,9
Alexandre Valentian,2009,2009,1
Alexandre Yakovlev,2007,2015,9
Alexandros Daglis,2015,2015,1
Alexandros G. Dimakis,2015,2015,1
Ali Afzali-Kusha,2009,2013,5
Ali Ahmadinia,2005,2005,1
Ali Bakhoda,2010,2010,1
Ali Shafiee,2012,2012,1
Aliaksei Chapyzhenka,2007,2007,1
Aline Mello,2004,2005,2
Alireza Ejlali,2007,2008,2
Alistair C. Bruce,2009,2009,1
Almutaz Adileh,2019,2019,1
Alois C. Knoll,2012,2012,1
Alok Garg,2010,2010,1
Alok N. Choudhary,2009,2012,4
Alon Amir,2002,2002,1
Altamiro Amadeu Susin,2003,2005,3
Alvin R. Lebeck,2001,2001,1
Amer Baghdadi,2004,2008,5
Amin Ansari,2014,2014,1
Amin Rezaei,2016,2016,1
Amir Charif,2018,2018,1
Amir Kavyan Ziabari,2015,2015,1
Amirhossein Mirhosseini,2017,2017,1
Amir-Mohammad Rahmani,2011,2015,5
Amisha Parikh,2001,2001,1
Amit Kumar 0002,2004,2008,5
Amit Kumar Singh 0002,2013,2019,7
Amit Verma,2013,2013,1
Amlan Ganguly,2009,2018,10
Ammar Karkar,2014,2015,2
Amr Helmy,2007,2007,1
Anand Raghunathan,2004,2005,2
Ananda Samajdar,2017,2018,2
Anant Agarwal,2007,2012,6
Ananth Kalyanaraman,2015,2019,5
Anantha Chandrakasan,2012,2012,1
Anantha P. Chandrakasan,2013,2017,5
Anastasios Psarras,2014,2016,3
Anatoly Sherman,2002,2002,1
Anca Mariana Molnos,2012,2012,1
Andr¨¦ Ivanov,2003,2007,5
Andrea Calimera,2018,2018,1
Andrea Marongiu,2012,2014,3
Andrea Mineo,2014,2016,3
Andr¨¦a Pinna,2014,2014,1
Andreas Hansson,2005,2010,6
Andreas Herkersdorf,2010,2019,10
Andreas Lankes,2010,2010,1
Andreas Raabe,2012,2012,1
Andreas Steininger,2014,2014,1
Andreas Weichslgartner,2011,2014,4
Andreas Wieferink,2004,2004,1
Andreas Zankl,2018,2018,1
Andreas Zwinkau,2014,2014,1
Andrei Radulescu,2003,2006,4
Andres Mejia,2007,2009,3
Andrew A. Chien,2009,2009,1
Andrew B. Kahng,2009,2016,8
Andrew D. Brown,2013,2013,1
Andrew DeOrio,2009,2012,4
Andrew Mihal,2001,2001,1
Andrew West,2004,2006,3
Anh Nguyen,2002,2002,1
Anh Thien Tran,2009,2009,1
Anil Kanduri,2015,2015,1
Anil Krishna,2013,2013,1
Aniruddh Ramrakhyani,2017,2018,2
Aniruddha N. Udipi,2010,2011,2
Anita Tino,2011,2012,2
Anja Boos,2014,2014,1
Anjun Gu,2016,2016,1
Ankit Jain,2009,2009,1
Ankit Singh Rawat,2015,2015,1
Ankit Sinha,2018,2018,1
Ann Opdebeeck,2011,2011,1
Anouk Van Laer,2015,2015,1
Anthony Chun,2007,2007,1
Anthony T. Jacobson,2009,2009,1
Anthony Xu,2004,2004,1
Antoine Jalabert,2004,2004,1
Antoni Roca 0001,2010,2016,7
Antonio Deledda,2008,2008,1
Antonio Pullini,2005,2011,7
Antonis Psathakis,2014,2014,1
Antti Airola,2015,2015,1
Anuj Pathania,2018,2018,1
Anup Das 0001,2013,2013,1
Anwesha Chatterjee,2020,2020,1
An-Yeu Wu,2007,2010,4
Ao Tang,2011,2013,3
Arash AziziMazreah,2018,2018,1
Arash Firuzan,2018,2018,1
Arash Tavakkol,2009,2011,3
Ari Kulmala,2007,2007,1
Armin Runge,2015,2016,2
Arnab Banerjee,2007,2009,3
Arnaud Grasset,2008,2008,1
Arno Moonen,2008,2008,1
Arpan Vaidya,2014,2014,1
Arpit Joshi,2011,2011,1
Arseni Vitkovski,2008,2015,8
Arunabha Sen,2009,2009,1
Arvind P. Singh,2007,2008,2
Arvind Ramanathan,2015,2015,1
Arya Balachandran,2017,2017,1
Ashkan Beyranvand Nejad,2009,2011,3
Ashkan Eghbal,2015,2016,2
Ashok V. Krishnamoorthy,2010,2012,3
Ashwini Sarathy,2008,2008,1
Asit K. Mishra,2008,2014,7
Assaf Shacham,2007,2008,2
Atefe Dalirsani,2007,2007,1
Atsushi Matsumoto,2011,2011,1
Atsuya Okazaki,2007,2007,1
Augusto Erichsen,2013,2013,1
Aurang Zaib,2014,2014,1
Avinash Karanth,2019,2019,1
Avinash Karanth Kodi,2008,2018,11
Avinash Kodi,2018,2018,1
Avinoam Kolodny,2004,2013,10
Awet Yemane Weldezion,2009,2011,3
Axel Jantsch,2002,2019,18
Axel Siebenborn,2004,2004,1
Ayan Mandal,2012,2013,2
Aydin O. Balkan,2008,2008,1
Ayed Alqahtani 0001,2017,2017,1
Ayse K. Coskun,2014,2020,7
Azad Naeemi,2007,2007,1
Babak Falsafi,2012,2015,4
Baik Song An,2012,2012,1
Baohua Wang,2009,2009,1
Baojun Qiao,2009,2009,1
Bardo Lang,2008,2008,1
Baris Taskin,2019,2020,2
Bart De Wachter,2011,2011,1
Bart Mesman,2003,2005,3
Bart Vandevelde,2011,2011,1
Bart Vermeulen,2003,2009,7
Bashir M. Al-Hashimi,2006,2008,3
Behnam Khaleghi,2016,2016,1
Behnaz Soltani,2017,2017,1
Behrad Niazmand,2015,2016,2
Behram Khan,2012,2012,1
Behrooz A. Shirazi,2013,2014,2
Bella Bose,2018,2018,1
Benjamin Belzer,2009,2013,5
Benjamin G. Lee,2007,2009,3
Benjamin Glas,2009,2009,1
Benjamin J. Fletcher,2019,2019,1
Benjamin Klenk,2020,2020,1
Benjamin P. Kempke,2015,2015,1
Benny Akesson,2007,2014,8
Benny Sheinman,2015,2015,1
Beno?t Charbonnier,2020,2020,1
Beno?t Dupont de Dinechin,2013,2018,6
Benoit Ganne,2013,2013,1
Berkehan Ciftcioglu,2010,2010,1
Bernhard E. Boser,1992,1992,1
Bertrand Granado,2014,2014,1
Betty Livshitz,2002,2002,1
Bevan M. Baas,2009,2009,1
Bharadwaj Veeravalli,2013,2013,1
Bharan Giridhar,2013,2013,1
Bhavya K. Daya,2012,2017,6
Bill Lin,2010,2016,7
Bin Li 0018,2008,2012,5
Bing Li,2016,2017,2
Bing Li 0005,2018,2018,1
Bing Li 0017,2019,2019,1
Bing Wang,2017,2017,1
Binzhang Fu,2010,2017,8
Biresh Kumar Joardar,2017,2020,4
Biswajit Bhowmik,2017,2017,1
Bo Fu,2009,2010,2
Bo Wang,2020,2020,1
Bo Yuan,2015,2015,1
Bo Zhao 0007,2009,2013,5
Boqian Wang,2019,2019,1
Boris Grot,2008,2015,8
Boris Vaisband,2019,2019,1
Borislav Nikolic,2018,2018,1
Bowen Zheng,2017,2017,1
Bram Nauta,2009,2009,1
Brett Feero,2009,2009,1
Brett H. Meyer,2010,2010,1
Brian Greskamp,2014,2014,1
Brian Lebiednik,2018,2018,1
Brian McGinley,2012,2012,1
Brian Towles,2001,2014,14
Brian Vanderpool,2015,2015,1
Bruce Edwards,2007,2007,1
Bruce Mathewson,2010,2010,1
Bruno Forlin,2018,2018,1
Bruno Girodias,2007,2007,1
Bryan A. Brady,2011,2011,1
Bryan D. Ackland,2002,2002,1
Bryan Gardiner,2020,2020,1
Byeong Min,2008,2008,1
Cagla Cakir,2015,2015,1
Calin Ciordas,2003,2007,5
Cameron Patterson,2013,2013,1
Camille Jalier,2010,2010,1
Carl Ramey,2007,2007,1
Carles Hern¨¢ndez,2010,2019,10
Carlo Condo,2012,2012,1
Caro Lucas,2008,2008,1
Carsten Albrecht,2006,2006,1
Casen Hunger,2015,2015,1
Cedric Duperrier,2014,2014,1
Cedric Killian,2017,2019,3
C¨¦dric Killian,2019,2019,1
Cedric Koch-Hofer,2007,2007,1
C¨¦dric Quendo,2018,2018,1
Celine Azar,2013,2013,1
C¨¦sar A. M. Marcon,2005,2011,7
Cesar Albenes Zeferino,2003,2004,2
C¨¦sar Fuguet Tortolero,2019,2020,2
Cezar Reinbrecht,2009,2018,10
Chamath Ellawala,2015,2015,1
Changhyun Kim,2014,2014,1
Changkyu Kim,2006,2007,2
Changlin Chen,2012,2015,4
Chanhee Oh,2001,2001,1
Chantal Robach,2007,2008,2
Chao Chen 0003,2014,2014,1
Chaochao Feng,2013,2018,6
Chao-Ching Wang,2009,2009,1
Chao-Han Huck Yang,2019,2019,1
Charalambos Koutsides,2015,2015,1
Charles Addo-Quaye,2005,2005,1
Charles Effiong,2017,2017,1
Charles Gruenwald III,2010,2010,1
Charles Lefurgy,2011,2011,1
Chen Li 0015,2017,2017,1
Chen Sun,2010,2012,3
Cheng Tan 0002,2018,2018,1
Chen-Ling Chou,2008,2011,4
Chetan Arvind Patil,2018,2018,1
Chia-Hsin Owen Chen,2010,2014,5
Chia-Lin Yang,2010,2010,1
Chien-Chih Chen,2009,2009,1
Chien-Heng Wong,2019,2019,1
Chifeng Wang,2011,2011,1
Chih-Hao Chao,2007,2010,4
Chi-Neng Wen,2009,2009,1
Ching-Te Chiu,2011,2011,1
Chinna Prudvi,2015,2015,1
Chintan Patel,2020,2020,1
Chita R. Das,2005,2013,9
Chiu-sing Choy,2008,2008,1
Chi-Ying Tsui,2006,2018,13
Chong Zhang,2017,2017,1
Chouki Aktouf,2007,2007,1
Chris Craik,2011,2011,1
Chris Fallin,2011,2012,2
Christian Bernard,2020,2020,1
Christian Buckl,2012,2012,1
Christian Fensch,2009,2009,1
Christian Haubelt,2008,2014,7
Christian Maciocco,2013,2013,1
Christian Masson,2007,2007,1
Christian Mellwig,2017,2017,1
Christian Neeb,2005,2005,1
Christian Paukovits,2008,2008,1
Christian Roland,2018,2019,2
Christian Schwarz,2011,2011,1
Christine Watnik,2009,2009,1
Christof Teuscher,2011,2011,1
Christoph Roth,2009,2009,1
Christophe Bobda,2005,2005,1
Christophe Moy,2014,2014,1
Christopher Batten,2009,2011,3
Christopher Celio,2010,2010,1
Christopher Nitta,2011,2011,1
Christos Kozyrakis,2010,2010,1
Chrysostomos Nicopoulos,2005,2016,12
Chung-Kai Liu,2011,2011,1
Chung-Ta King,2010,2013,4
Chun-Hsian Huang,2010,2010,1
Chunhua Wang,2014,2014,1
Chunhua Xiao,2019,2019,1
Chunyue Liu,2010,2010,1
Chyi-Chang Miao,2007,2007,1
Ciprian Seiculescu,2009,2012,4
Clark Roberts,2008,2008,1
Claude Basso,2015,2015,1
Claudia Rusu,2010,2010,1
Claudio Mucci,2008,2008,1
Clint L. Schow,2017,2017,1
Colin J. Ihrig,2010,2010,1
Cong Wang,2017,2017,1
Costas Iordanou,2014,2014,1
Crescenzo DAlessandro,2007,2008,2
Crisp¨ªn G¨®mez Requena,2009,2011,3
Cristian Grecu,2003,2011,9
Cristian Soviani,2006,2006,1
Cristina Silvano,2008,2009,2
Cristina Torregiani,2011,2011,1
Cristinel Ababei,2010,2011,2
Cruz Izu,2014,2014,1
Cuong Pham-Quoc,2013,2013,1
Cyriel Minkenberg,2015,2015,1
D. Humphreys,2014,2014,1
D. N. Jayasimha,2007,2007,1
Dae Hyun Kim,2020,2020,1
Daichi Fujiki,2017,2018,2
Daihan Wang,2008,2008,1
Daisuke Ikebuchi,2010,2010,1
Daisuke Sasaki,2011,2011,1
Dake Liu,2003,2003,1
Damien Saint-Patrice,2020,2020,1
Dan Corcos,2015,2015,1
Dan Fay,2009,2009,1
Dan Gibson,2009,2009,1
Dan Perry,2011,2011,1
Dan Zhao,2012,2012,1
Dan Zhao 0001,2008,2011,4
Danella Zhao,2016,2016,1
Daniel A. Jim¨¦nez,2011,2011,1
Daniel Chillet,2017,2019,3
Daniel E. Holcomb,2011,2011,1
Daniel Gebhardt,2008,2011,4
Daniel Greenfield,2007,2007,1
Daniel Mueller-Gritschneder,2013,2013,1
Daniel S¨¢nchez 0003,2010,2010,1
Dani?l Schinkel,2009,2009,1
Daniel U. Becker,2012,2013,2
Daniel Wiklund,2003,2003,1
Daniele Ludovici,2009,2011,3
Danilo Pani,2010,2010,1
Danny Elad,2015,2015,1
Danyao Wang,2011,2011,1
Dar¨ªo Su¨¢rez Gracia,2014,2014,1
David A. Sig¨¹enza-Tortosa,2004,2004,1
David Arditti Ilitzky,2007,2007,1
David Atienza,2005,2007,3
David Coriat,2020,2020,1
David E. Shaw,2013,2014,2
David Fick,2009,2012,4
David Finan,2007,2008,2
David Goren,2002,2002,1
David Greenberg,2007,2007,1
David H. Albonesi,2009,2009,1
David Kinniment,2007,2007,1
David May 0001,2008,2008,1
David Ohmann,2014,2014,1
David R. Kaeli,2015,2015,1
David R. Lester,2013,2013,1
David T. Blaauw,2001,2015,15
David W. Matolak,2011,2013,3
David Wentzlaff,2007,2007,1
David Wolpert 0001,2009,2010,2
David Z. Pan,2009,2010,2
Davide Bertozzi,2004,2017,14
Davide Giri,2018,2018,1
Davide Patti,2015,2019,5
Davide Zoni,2013,2013,1
Dean M. Tullsen,2005,2005,1
Dean Michael Ancajas,2013,2015,3
Dean Nguyen Truong,2009,2009,1
Dean Truong,2009,2009,1
Debayan Roy,2017,2017,1
Dejan Filipovic,2009,2009,1
Deming Chen,2019,2019,1
Denis Dutoit,2011,2020,10
Deniz Kabakci,2011,2011,1
Dennis Abts,2007,2009,3
Dennis Sylvester,2009,2012,4
Depeng Jin,2008,2008,1
Deuk Hyoun Heo,2010,2014,5
Deukhyoun Heo,2017,2017,1
Dhiraj K. Pradhan,2008,2008,1
Di Zhu 0002,2014,2015,2
Diana Marculescu,2007,2017,11
Didier Lattard,2008,2011,4
Didier Varreau,2009,2009,1
Diederik Verkest,2004,2004,1
Dimitri Ktenas,2011,2011,1
Dimitri Linten,2011,2011,1
Dimitrios Velenis,2011,2011,1
Dimitris Giannopoulos,2018,2018,1
Dinesh Kumar Sharma,2016,2016,1
Dinesh Pamunuwa,2008,2011,4
Dionisios N. Pnevmatikatos,2007,2014,8
Dionysios Kouroussis,2003,2003,1
Dionysios Manessis,2018,2018,1
Dip Goswami,2017,2017,1
Dmitri Vainbrand,2010,2010,1
Dominic DiTomaso,2011,2017,7
Dominique Borrione,2007,2007,1
Donald E. Thomas,2004,2010,7
Donald Kline Jr.,2015,2015,1
Donald Newell,2011,2011,1
Dong Wu,2006,2006,1
Dong Xiang,2014,2014,1
Donghyun Kim,2007,2007,1
Dongki Kim,2010,2010,1
Dongkook Park,2005,2008,4
Dongkun Shin,2004,2004,1
Doowon Lee,2014,2015,2
Doug A. Edwards,2009,2009,1
Doug Burger,2006,2007,2
Douglas M. Blough,2004,2004,1
Drew Penney,2020,2020,1
Drew Wingard,2005,2007,3
Duco van Amstel,2014,2014,1
Duncan Moore,2010,2010,1
Duo Ding,2009,2009,1
Duoli Zhang,2017,2017,1
E. Graeme Chester,2009,2009,1
Eberle A. Rambo,2014,2016,3
Eby G. Friedman,2007,2010,4
Ed van Tuijl,2009,2009,1
Edith Beign¨¦,2005,2009,5
Edoardo Fusella,2016,2016,1
Edouard Bugnion,2015,2015,1
Edson I. Moreno,2005,2005,1
Eduard Alarc¨®n,2013,2018,6
Eduard Ayguad¨¦,2015,2015,1
Eduard S?ckinger,1992,1992,1
Eduardo Qui?ones,2016,2016,1
Eduardo W?chter,2013,2013,1
Eduardo Wenzel Bri?o,2005,2005,1
Edward H. Frank,2000,2000,1
Edwin Rijpkema,2003,2005,3
Egor S. Sogomonyan,2006,2006,1
Eisse Mensink,2009,2009,1
Eitan Zahavi,2011,2012,2
El Mostapha Aboulhamid,2011,2011,1
Elaheh Bozorgzadeh,2005,2007,3
Elena Kakoulli,2014,2015,2
Emanuel M. Popovici,2011,2011,1
Emmanouil Kalligeros,2012,2014,3
Emmanuel Juin,2007,2007,1
Emmanuelle Bourdel,2014,2014,1
Enric Herrero,2010,2010,1
Enrico Valli,2007,2008,2
Enrique Vallejo 0001,2019,2019,1
Eran Socher,2008,2008,1
Eren Unlu,2014,2014,1
Erfan Azarkhish,2013,2013,1
Eric A. M. Klumperink,2009,2009,1
Eric Beyne,2011,2011,1
Eric Guthmuller,2013,2013,1
Eric Morton,2020,2020,1
Eric W. Work,2009,2009,1
Erik Brockmeyer,2007,2007,1
Erik Fischer,2013,2014,2
¨¦rika F. Cota,2003,2009,7
Erland Nilsson,2003,2004,2
Ernesto Villegas Castillo,2014,2014,1
Erno Salminen,2007,2007,1
Erwin Waterlander,2003,2003,1
Eui-Young Chung,2010,2010,1
Eun Jung Kim 0001,2007,2018,12
Eun-Gu Jung,2009,2009,1
Eustace Painkras,2013,2013,1
Evangelia Kasapaki,2012,2014,3
Evangelos Mageiropoulos,2018,2018,1
Everton Carara,2009,2011,3
Evgeni Krimer,2009,2009,1
Evgeny Bolotin,2004,2007,4
Ewerson Carvalho,2007,2007,1
Ewerson Luiz de Souza Carvalho,2010,2010,1
Eyal Friedman,2005,2005,1
Fabiano Hessel,2005,2005,1
Fabien Clermidy,2005,2011,7
Fabien Mieyeville,2004,2007,4
Fabio Campi,2008,2008,1
Fahimeh Farahnakian,2012,2012,1
Fahimeh Jafari,2010,2012,3
Faizal Arya Samman,2008,2008,1
Fan Ye 0001,2014,2014,1
Faraydon Karim,2002,2002,1
Farid N. Najm,2003,2003,1
Farinaz Koushanfar,2008,2008,1
Fawaz Alazemi,2018,2018,1
Fearghal Morgan,2012,2012,1
Federico Angiolini,2004,2011,8
Federico Silla,2010,2010,1
Fei Xia,2011,2011,1
Feihui Li,2006,2008,3
Fen Ge,2015,2015,1
Feng Shi,2009,2009,1
Feng Yuan,2008,2008,1
Fernanda Lima Kastensmidt,2009,2009,1
Fernando Gehm Moraes,2004,2019,16
Fernando Moraes 0001,2005,2013,9
Finbar Naven,2005,2005,1
Fl¨¢vio Rech Wagner,2003,2013,11
Florentine Dubois,2011,2013,3
Florian Brandner,2012,2014,3
Florian Darve,2011,2011,1
Florian Kriebel,2015,2015,1
Florian Ries,2008,2008,1
Francesc Guim,2018,2018,1
Francesca Palumbo,2010,2010,1
Francesco Galluppi,2013,2013,1
Francesco Lertora,2005,2005,1
Francesco Robino,2014,2014,1
Francisco Gilabert Villam¨®n,2008,2010,3
Francisco J. Cazorla,2016,2016,1
Francky Catthoor,2005,2005,1
Fran?ois Bertrand,2007,2007,1
Fran?ois Jacquet,2013,2013,1
Fran?ois P¨ºcheux,2014,2014,1
Frank Gilbert,2003,2003,1
Fred Chen,2009,2009,1
Frederic Drillet,2014,2014,1
Fr¨¦d¨¦ric Gaffiot,2004,2007,4
Fr¨¦d¨¦ric P¨¦trot,2008,2013,6
Fr¨¦d¨¦ric Riss,2013,2013,1
Frederic T. Chong,2013,2020,8
Frederic Worm,2005,2005,1
Freek Verbeek,2010,2016,7
Friedbert Berens,2008,2008,1
G. Edward Suh,2009,2013,5
Gabriel H. Loh,2016,2020,5
Gabriel Marchesan Almeida,2011,2011,1
Gabriel Rodr¨ªguez 0001,2019,2019,1
Gabriela Nicolescu,2007,2016,10
Gabriele Miorandi,2014,2017,4
Gang Qu,2008,2008,1
Ganghee Lee,2003,2003,1
Gaoming Du,2014,2017,4
Gary Wicks,2010,2010,1
Ge Zhang,2008,2008,1
Geert Van der Plas,2011,2011,1
Gennette Gill,2011,2011,1
Geoffray Lacourba,2011,2011,1
George Kurian,2010,2013,4
George Michelogiannakis,2007,2014,8
Georgi Gaydadjiev,2009,2009,1
Georgi Nedeltchev Gaydadjiev,2009,2010,2
Georgios Manetas,2013,2013,1
Georgios Tsiligiannis,2012,2012,1
Gerard J. M. Smit,2005,2007,3
Gerard K. Rauwerda,2005,2005,1
Gerd Ascheid,2004,2004,1
Gerhard P. Fettweis,2011,2017,7
Gert Jervan,2015,2016,2
Gert Schley,2010,2010,1
Gianluca Biccari,2012,2012,1
Gianluca Palermo,2008,2009,2
Giannis Vardas,2018,2018,1
Gilbert Hendry,2009,2011,3
Gilles Sassatelli,2010,2017,8
Giorgos Dimitrakopoulos,2012,2016,5
Giorgos Passas,2010,2011,2
Giovanni Beltrame,2011,2011,1
Giovanni De Micheli,2002,2018,17
Girish Varatkar,2002,2004,3
Giulia Santoro,2018,2018,1
Giuseppe Ascia,2004,2019,16
Giuseppe Longo,2008,2008,1
Giuseppe Maruccia,2004,2008,5
Glenn Reinman,2008,2015,8
Gnaneswara Rao Jonna,2014,2014,1
Gokhan Memik,2009,2012,4
Goran Konjevod,2005,2006,2
Gouri Landge,2009,2009,1
Greg M. Link,2004,2005,2
Greg Nazario,2012,2012,1
Greg Sadowski,2017,2017,1
Greg Thorson,2020,2020,1
Gregor Snelting,2014,2014,1
Gregory K. Chen,2009,2012,4
Gregory Ruhl,2007,2008,2
Guangyu Chen,2008,2008,1
Guangyu Sun 0003,2010,2014,5
Guanyu Liu,2017,2017,1
Guido Masera,2012,2012,1
Guihai Yan,2013,2013,1
Guilherme Montez Guindani,2009,2009,1
Guillaume Lager,2014,2014,1
Gul N. Khan,2011,2012,2
Gunnar Braun,2004,2004,1
Guojie Li,2009,2009,1
Guoling Han,2006,2006,1
Guopeng Wei,2011,2014,4
Guruprasad Katti,2011,2011,1
Gustavo Gir?o,2011,2013,3
Guy Bois,2011,2011,1
Guy G. Lemieux,2009,2009,1
Guy Gogniat,2007,2007,1
Guy Lemieux,2006,2006,1
Gu-Yeon Wei,2005,2005,1
Gwan Choi,2010,2010,1
Gwangsun Kim,2014,2018,5
Gyouho Kim,2015,2015,1
H. Jonathan Chao,2010,2011,2
Habib Mehrez,2007,2007,1
Hadi Mardani Kamali,2017,2017,1
Hai Li,2020,2020,1
Hai Li 0001,2019,2019,1
Haifeng Xu,2015,2015,1
Haiyu Huang,2009,2009,1
Hamed Sajjadi Kia,2011,2011,1
Hamid Sarbazi-Azad,2009,2017,9
Hang Lu,2013,2013,1
Hangsheng Wang,2003,2006,4
Hanjoon Kim,2014,2019,6
Hannu Tenhunen,2009,2015,7
Hans-Joachim Wunderlich,2015,2015,1
Hao Lu 0001,2017,2017,1
Hao Wang 0011,2019,2019,1
Hao Zheng 0005,2019,2019,1
Haoran Li,2015,2017,3
Hao-Yu Wang,2010,2010,1
Haoyuan Ying,2013,2013,1
Harald Bucher,2018,2018,1
Haris Javaid,2014,2015,2
Harshad Kasture,2010,2010,1
Haseeb Bokhari,2014,2015,2
Hassan M. G. Wassel,2013,2013,1
Hayder Mrabet,2007,2007,1
Hayoung Choi,2018,2018,1
Hazem Moussa,2007,2008,2
Hazhir Bakhishi,2017,2017,1
Heather Hanson,2007,2007,1
Heba Khdr,2015,2015,1
Heiko Zimmer,2003,2003,1
Heinrich Meyr,2004,2004,1
H¨¦l¨¨ne Lhermet,2009,2009,1
Helmut Reinig,2010,2013,4
Hemanta Kumar Mondal,2016,2019,4
Hengyi Liang,2017,2017,1
Henk Corporaal,2007,2007,1
Henri Casanova,2015,2019,5
Henrique C. Freitas,2009,2009,1
Henry Hoffmann,2007,2007,1
Henry Kao,2019,2019,1
Herb Schwetman,2010,2012,3
Herman Oprins,2011,2011,1
Herman Schmit,2004,2004,1
Hermann Kopetz,2008,2008,1
Herv¨¦ Charlery,2003,2003,1
Herv¨¦ Tatenguem Fankem,2014,2014,1
Hesam Shabani,2019,2019,1
Hideharu Amano,2008,2019,12
Hiroki Matsutani,2008,2019,12
Hiroshi Nakahara,2017,2017,1
Hiroshi Nakamura,2010,2013,4
Hiroyuki Usui,2013,2013,1
Hoi-Jun Yoo,2006,2010,5
Hong Bin,2004,2004,1
Hong Li,2016,2016,1
Hongbo Zeng,2008,2008,1
Hongyi Lu,2008,2008,1
Hongyi Wu,2016,2016,1
Hossein Farrokhbakht,2016,2020,5
Howard Wilson,2007,2008,2
Hsien-Hsin S. Lee,2004,2004,1
Huawei Li,2010,2016,7
Huaxi Gu,2009,2009,1
Hui Li 0034,2015,2015,1
Hui Wu,2010,2012,3
Hui Xu,2013,2013,1
Hui Zhao 0013,2010,2012,3
Hung-Lin Chao,2012,2012,1
Hwasoo Yeo,2014,2014,1
Hyojun Son,2019,2019,1
Hyoukjun Kwon,2017,2018,2
Hyung Gyu Lee,2006,2007,2
Hyungjun Kim,2009,2012,4
Hyunjun Jang,2012,2015,4
I. Kotleas,2014,2014,1
I. Seitanidis,2014,2015,2
Ian H. White,2008,2008,1
Ian Johnson,2005,2005,1
Ian OConnor,2004,2017,14
Ian Swarbrick,2005,2005,1
Ibis Benito,2007,2007,1
Ichiro Ogura,2016,2016,1
Idit Keidar,2007,2007,1
Igor L. Markov,2008,2008,1
Igor Loi,2008,2013,6
Igor M. Reis,2005,2005,1
Ihsan El Masri,2018,2018,1
Ikki Fujiwara,2014,2017,4
Ilija Hadzic,2006,2006,1
Imran Shamim,2009,2009,1
Ingrid De Wolf,2011,2011,1
Ioannis Savidis,2010,2010,1
Ioannis Seitanidis,2016,2016,1
Ioannis Sourdis,2018,2018,1
Iou-Jen Liu,2019,2019,1
Isaac Keslassy,2008,2009,2
Isaskhar Walter,2007,2010,4
Ishan G. Thakkar,2016,2018,3
Ismail Kadayif,2001,2001,1
Israel A. Wagner,2002,2002,1
Israel Cidon,2004,2013,10
Itamar Cohen,2008,2008,1
Itir Akgun,2017,2017,1
Ivan Miro Panades,2006,2013,8
Ivan Perez 0004,2019,2019,1
Ivo Bolsens,2009,2009,1
J. Gregory Steffan,2011,2011,1
J. P. Grossman,2014,2014,1
J. Ramanujam,2001,2001,1
Jaafar Gaber,2009,2009,1
Jaan Raik,2015,2016,2
Jack Holloway,2000,2000,1
Jacob Murray,2013,2014,2
Jacob S. Levy,2011,2011,1
Jae W. Lee,2008,2012,5
Jae Young Hur,2008,2008,1
Jaechul Lee,2019,2019,1
Jae-Yeon Won,2014,2014,1
Jagadish Kotra,2015,2015,1
Jagan Muralidharan,2015,2015,1
Jaijeet S. Roychowdhury,2007,2007,1
James C. Hoe,2011,2012,2
James C. Sturm,2016,2016,1
James D. Balfour,2009,2013,5
James D. Meindl,2007,2007,1
James McCabe Nickerson,2013,2013,1
James Psota,2010,2010,1
James W. Hanlon,2011,2011,1
James W. Tschanz,2007,2008,2
Jan Heisswolf,2013,2014,2
Jan M. Rabaey,2001,2001,1
Jan Madsen,2005,2005,1
Jan Olaf Blech,2012,2012,1
Jan Van Olmen,2011,2011,1
Jan Willem van den Brand,2007,2007,1
Janardhan Rao Doppa,2016,2020,5
Jane Bromley,1992,1992,1
Janibul Bashir,2019,2019,1
Jari Nurmi,2004,2007,4
Jarrod A. Roy,2008,2008,1
Jason Cong,2006,2015,10
Jason E. Miller,2010,2012,3
Jason Howard,2007,2008,2
Jason McNeely,2011,2011,1
Jason Oberg,2013,2013,1
Jatindra Kumar Deka,2017,2017,1
Jaume Abella,2016,2016,1
Javier de San Pedro,2012,2013,2
Javier Navaridas,2012,2017,6
Jean Charbonnier,2020,2020,1
Jean Durupt,2007,2008,2
Jean-Marc Brault,2012,2012,1
Jean-Philippe Diguet,2007,2019,13
Jef L. van Meerbergen,2002,2003,2
Jeff Draper,2009,2009,1
Jeff Nicholls,2012,2012,1
Jeffrey D. Hoffman,2007,2007,1
Jeffrey E. Nelson,2004,2004,1
Jeffrey T. Draper,2010,2010,1
Jelena Trajkovic,2011,2016,6
Jens Gladigau,2014,2014,1
Jens Spars?,2005,2016,12
Jeong-Gun Lee,2007,2007,1
Jeremy Chan,2004,2004,1
Jeremy Lee,2006,2006,1
Jeremy W. Webb,2009,2009,1
Jerome Cann,2007,2007,1
Jes¨²s Camacho Villanueva,2010,2010,1
Ji Qi,2014,2014,1
Jia Huang,2012,2012,1
Jia Zhan,2013,2015,3
Jia Zhao,2010,2010,1
Jia-Cheng Wu,2010,2010,1
Jian Huang 0006,2019,2019,1
Jian Li,2011,2011,1
Jian Li 0059,2010,2011,2
Jian Wang,2009,2009,1
Jian Wu,2007,2008,2
Jianbo Dong,2010,2010,1
Jiang Chau Wang,2014,2014,1
Jiang Hu,2012,2014,3
Jiang Xu 0001,2004,2018,15
Jianhui Jiang,2019,2019,1
Jianliang Gao,2012,2012,1
Jianping Xu,2014,2014,1
Jianxin Wang,2012,2012,1
Jianyun Hu,2010,2012,3
Jiating Luo,2017,2017,1
Jiaxin Li,2009,2009,1
Jiayi Huang,2017,2017,1
Jie Han,2018,2018,1
Jie Wu 0001,2009,2009,1
Jie Xu,2011,2011,1
Jieming Yin,2016,2020,5
Jieqiong Du,2019,2019,1
Jifeng Liu,2010,2010,1
Jihong Kim,2004,2004,1
Jih-Sheng Shen,2010,2010,1
Jim D. Garside,2013,2013,1
Jim Harkin,2012,2020,9
Jim Holt,2014,2014,1
Jim Plusquellic,2006,2006,1
Jimson Mathew,2008,2008,1
Jin Hu,2009,2012,4
Jin Ouyang,2013,2015,3
Jinchun Kim,2015,2015,1
Jing Xue,2010,2010,1
Jingbo Jiang,2018,2018,1
Jingcao Hu,2003,2011,9
Jingyang Zhu,2018,2018,1
Jinho Lee,2013,2013,1
Jinn-Shyan Wang,2009,2009,1
Jinwook Oh,2010,2010,1
Jishen Zhao,2015,2015,1
Ji-Xiang Wan,2015,2015,1
JoAnn M. Paul,2004,2004,1
Jochen Zimmermann,2007,2007,1
Joe Chou,2005,2005,1
Joel Hestness,2009,2011,3
Joel Ortiz Sosa,2018,2019,2
Joel Porquet,2011,2011,1
Johanna Sep¨²lveda,2018,2018,1
John B. Carter,2009,2009,1
John Bainbridge,2002,2008,7
John D. Davis,2008,2008,1
John D. Owens,2007,2007,1
John Dielissen,2003,2005,3
John E. Bowers 0001,2017,2017,1
John F. Brown III,2007,2007,1
John Jose,2014,2019,6
John Kim,2007,2019,13
John Kubiatowicz,2009,2009,1
John M. Dallesasse,2019,2020,2
John Magerlein,2007,2007,1
John Recchio,2016,2016,1
John Shalf,2009,2014,6
John Wawrzynek,2009,2009,1
Johnnie Chan,2009,2011,3
Johnny ?berg,2002,2014,13
Jon K. Lexau,2015,2015,1
Jonas Diemer,2009,2014,6
Jonathan Eastep,2010,2010,1
Jonathan Klamkin,2014,2016,3
Jongman Kim,2005,2007,3
Jongmin Won,2015,2015,1
Joo-Young Kim 0001,2007,2010,4
Jordi Cortadella,2010,2013,4
Jordi Petit,2013,2013,1
J?rg Henkel,2004,2018,15
J?rg Mische,2017,2017,1
Jos Huisken,2009,2009,1
Jos¨¦ Cano,2011,2012,2
Jos¨¦ Duato,2005,2019,15
Jose Flich,2005,2016,12
Jos¨¦ Flich,2011,2019,9
Jos¨¦ Flich Cardo,2016,2016,1
Jos¨¦ Gonz¨¢lez,2010,2010,1
Jos¨¦ L. Abell¨¢n,2015,2015,1
Jos¨¦ Luis N¨²?ez-Y¨¢?ez,2009,2009,1
Jose Manuel Mendias,2005,2005,1
Jos¨¦ V. Escamilla,2014,2014,1
Jos¨¦-¨¢ngel Gregorio,2007,2012,6
Josep Carmona,2012,2012,1
Josep Torrellas,2014,2014,1
Joseph C. Kerekes,2009,2009,1
Joseph Williams,2002,2002,1
Joshua J. Pieper,2004,2004,1
Joshua San Miguel,2015,2020,6
Josue Sanz-Robinson,2016,2016,1
Juan A. Fraire,2018,2018,1
Juan Touri?o,2019,2019,1
Juanjo Noguera,2007,2007,1
Jude Angelo Ambrose,2012,2012,1
Juha Plosila,2009,2015,7
Juha-Pekka Soininen,2002,2002,1
Julien Denoulet,2014,2014,1
Julien Schmaltz,2007,2011,5
Jun Liu 0008,2015,2015,1
Jun Ma,2011,2011,1
Jun Tanabe,2013,2013,1
Jun Wang,2008,2008,1
Jun Yang 0002,2009,2013,5
Jun Zhou,2020,2020,1
Jun Zhou 0022,2016,2016,1
JunBok You,2008,2011,4
Jung Ho Ahn,2011,2012,2
Jungju Oh,2011,2011,1
Junhyung Um,2009,2009,1
Junjie Zhang 0001,2011,2011,1
Junxiu Liu,2020,2020,1
Junyi Qiu,2020,2020,1
J¨¹rgen Becker 0001,2008,2018,11
J¨¹rgen Michel,2010,2017,8
J¨¹rgen Teich,2008,2014,7
K. Naveen,2016,2016,1
Kai-Pui Lam,2007,2007,1
Kai-Yuan Jheng,2010,2010,1
Kambiz Samadi,2009,2012,4
Kameswar Rao Vaddina,2011,2012,2
Kanad Basu,2018,2018,1
Kanghee Won,2014,2014,1
Kangmin Lee,2006,2006,1
Kanishka Lahiri,2004,2005,2
Kannan Raj,2012,2012,1
Karam S. Chatha,2004,2006,3
Kari Tiensyrj?,2002,2002,1
Karthi Duraisamy,2017,2018,2
Karthik Sangaiah,2020,2020,1
Karthikeyan Sankaralingam,2007,2007,1
Kaven Chun-Kai Chou,2010,2010,1
Kazuhiko Kurata,2016,2016,1
Ke Wang 0030,2019,2019,1
Kees G. W. Goossens,2003,2003,1
Kees Goossens,2002,2014,13
Keith Heron,2007,2007,1
Ken Mai,2015,2015,1
Kenichiro Yashiki,2016,2016,1
Kenji Kise,2016,2016,1
Kenneth Eng-Kian Lee,2017,2017,1
Kenneth S. Stevens,2008,2013,6
Kenneth Tong,2014,2015,2
Keren Bergman,2007,2011,5
Kerry Bernstein,2007,2007,1
Keun Sup Shim,2009,2011,3
Kevin Chang,2010,2013,4
Kevin J. M. Martin,2016,2016,1
Kevin Kai-Wei Chang,2012,2012,1
Kevin Macdonald,2011,2011,1
Khalid Latif 0002,2011,2012,2
Khushal Sethi,2019,2019,1
Ki Hwan Yum,2007,2017,11
Kim Peters¨¦n,2007,2007,1
Kimiyoshi Usami,2010,2013,4
Kin-Fai Tong,2015,2015,1
Kiyo Ishii,2016,2017,2
Kiyoung Choi,2003,2013,11
Klaus D. M¨¹ller-Glaser,2009,2009,1
Klaus Hofmann,2013,2013,1
Koen Bertels,2013,2013,1
Konstantinos Aisopos,2011,2014,4
Korey Sewell,2013,2013,1
Koushik Chakraborty,2012,2016,5
Krishna Saraswat,2010,2010,1
Krishna Sekar,2005,2005,1
Krishnan Srinivasan,2005,2006,2
Krishnan Sundaresan,2005,2005,1
Krishnendu Chakrabarty,2012,2020,9
Krste Asanovic,2005,2012,8
Kshitij Bhardwaj,2012,2017,6
Kshitij Sudan,2009,2009,1
Kuan-Jung Chen,2018,2018,1
Kui Dai,2008,2008,1
Kun Huang,2008,2008,1
Kun Wang,2011,2011,1
Kun-Chih Jimmy Chen,2019,2019,1
Kun-Lin Lin,2018,2018,1
Kurt Keutzer,2001,2001,1
Kwang-Ting Cheng,2016,2017,2
Kwanho Kim,2007,2010,4
Kyle Preston,2011,2011,1
Kyoung-Hwan Lim,2007,2007,1
Kyriacos Kalli,2015,2015,1
Kyu-Myung Choi,2008,2008,1
Kyung-Hoae Koo,2010,2010,1
L. J. McDaid,2012,2012,1
L. Stefanizzi,2011,2011,1
Lambert Leong,2019,2019,1
Lan Wei,2012,2012,1
Lap-Fai Leung,2006,2007,2
Larry Dennison,2020,2020,1
Laurence Pierre,2012,2012,1
Laurence V. Pierre,2007,2007,1
Laurent Carrel,2004,2004,1
Laurent Mortiez,2003,2003,1
Lawrence D. Jackel,1992,1992,1
Lawrence T. Pileggi,2004,2004,1
Leandro Fiorin,2008,2011,4
Leandro M?ller,2004,2004,1
Leandro Soares Indrusiak,2011,2018,8
Leandros Tzanakis,2018,2018,1
Lei Gao,2008,2008,1
Lei Jiang 0001,2019,2019,1
Lei Wang 0041,2009,2009,1
Lei Xia,2008,2008,1
Lei Yang 0018,2017,2017,1
Lei Zhang 0008,2010,2012,3
Lennart Bamberg,2018,2018,1
Leonard Masing,2018,2018,1
Leonardo Kunz,2011,2011,1
Leonel Tedesco,2005,2005,1
Leonid Oliker,2009,2009,1
Leonie Ahrendts,2014,2014,1
Levent E. Aygun,2016,2016,1
Li Jiang 0002,2015,2015,1
Li Shang,2003,2009,7
Li Su,2008,2008,1
Li Zhang,2017,2017,1
Li Zhao 0002,2011,2011,1
Li Zhou,2013,2013,1
Liam McDaid,2020,2020,1
Libo Huang,2014,2014,1
Licheng Xue,2009,2011,3
Liechao Huang,2016,2016,1
Lieguang Zeng,2008,2008,1
Lieven Eeckhout,2016,2019,4
Liewei Bao,2007,2007,1
Lihang Zhao,2014,2014,1
Lin Huang,2008,2008,1
Lin Tan 0001,2005,2005,1
Ling Wang,2020,2020,1
Lionel C. Kimerling,2010,2010,1
Lionel Torres,2010,2010,1
Li-Shiuan Peh,2001,2020,20
Lixin Zhang 0002,2011,2011,1
Lizhong Chen,2013,2020,8
Lluc Alvarez,2015,2015,1
Llu¨ªs Vilanova,2015,2015,1
Lodewijk T. Smit,2005,2005,1
Lorena Anghel,2010,2010,1
Lorenzo Pieralisi,2004,2008,5
Lothar Thiele,2013,2013,1
Louis Scheffer,2007,2007,1
Louis-No?l Pouchet,2019,2019,1
Lounis Zerioul,2014,2014,1
Luan H. K. Duong,2014,2018,5
Luca Benini,2002,2013,12
Luca Giovannini,2012,2012,1
Luca P. Carloni,2007,2018,12
Luca Pezzarossa,2016,2016,1
Luca Ramini,2012,2014,3
Luca Rostagno,2010,2010,1
Lucas Mello Schnorr,2009,2009,1
Lucia G. Menezo,2012,2012,1
Luciano Bononi,2006,2009,4
Luciano Ost,2004,2011,8
Luigi Carro,2003,2003,1
Luigi Raffo,2005,2010,6
Luis A. Plana,2007,2013,7
Luka Daoud,2019,2019,1
Lulwah Alhubail,2019,2019,1
Lunkai Zhang,2019,2019,1
Lynford L. Goddard,2020,2020,1
M. Fantini,2011,2011,1
M. Frank Chang,2008,2008,1
Maarten Wiggers,2008,2008,1
Madhu Mutyam,2011,2014,4
Mahdi Nikdast,2010,2016,7
Mahdi Tala,2016,2016,1
Mahesh Subburaman,2009,2009,1
Mahmood Fathy,2012,2012,1
Mahmut T. Kandemir,2001,2019,19
Man Cheuk Ng,2008,2012,5
Manfred Glesner,2006,2008,3
Mani Azimi,2013,2013,1
Manil Dev Gomony,2014,2014,1
Manish Jain,2010,2010,1
Manish Vachharajani,2009,2009,1
Manoj Kumar 0001,2014,2014,1
Manoj Singh Gaur,2014,2015,2
Manolis Katevenis,2007,2018,12
Manu Awasthi,2009,2009,1
Manuel E. Acacio,2012,2012,1
Manupa Karunaratne,2017,2018,2
Marc Casas,2015,2015,1
Marc Geilen,2005,2005,1
Marc Gonz¨¢lez,2015,2015,1
Marc Nelis,2011,2011,1
Marc Poulhi¨¨s,2014,2014,1
Marc Renaudin,2005,2007,3
Marcello Coppola,2004,2011,8
Marcello Lajolo,2008,2008,1
Marcelo Lubaszewski,2003,2011,9
Marcelo Ruaro,2019,2019,1
M¨¢rcio Eduardo Kreutz,2004,2004,1
Marco A. Z. Alves,2009,2009,1
Marco Balboni,2014,2016,3
Marco Bekooij,2003,2009,7
Marco Castellari,2016,2016,1
Marco Sgroi,2001,2001,1
Marcos Herve,2009,2009,1
Marcos Horro,2019,2019,1
Marcus Eggenberger,2013,2013,1
Marcus T. Schmitz,2006,2006,1
Marghoob Mohiyuddin,2009,2009,1
Mar¨ªa Engracia G¨®mez,2008,2011,4
Mar¨ªa Villarroya-Gaud¨®,2014,2014,1
Mario Badr,2014,2014,1
Mario Lodde,2012,2013,2
Mario Nemirovsky,2013,2015,3
Mario R. Casu,2010,2018,9
Marius Bonaciu,2004,2004,1
Marius Enachescu,2015,2015,1
Marjan Asadinia,2011,2011,1
Mark Anders,2014,2014,1
Mark Buckler,2014,2014,1
Mark Clark,2018,2018,1
Mark Hempstead,2020,2020,1
Mark Indovina,2018,2018,1
Mark J. Cianchetti,2009,2009,1
Mark Oskin,2008,2020,13
Mark R. Greenstreet,2006,2009,4
Mark Rudquist,2015,2015,1
Mark Zwolinski,2014,2014,1
Markus Ringhofer,2007,2007,1
Markus Winter 0002,2011,2011,1
Marta Ort¨ªn,2014,2014,1
Marta Ort¨ªn-Ob¨®n,2014,2014,1
Marten van Dijk,2009,2009,1
Martha Johanna Sep¨²lveda,2016,2016,1
Martha Mercaldi Kim,2008,2008,1
Martijn Coenen,2006,2007,2
Martijn T. Bennebroek,2007,2008,2
Martin Frieb,2017,2017,1
Martin Lukasiewycz,2008,2009,2
Martin Radetzki,2009,2015,7
Martin Schoeberl,2012,2018,7
Martin Streub¨¹hr,2009,2009,1
Martti Forsell,2002,2009,8
Mary Jane Irwin,2001,2012,12
Maryam Bahmani,2013,2013,1
Masaaki Kondo,2013,2013,1
Masahiro Iida,2016,2016,1
Masashi Imai,2016,2016,1
Masashi Watanabe,2014,2014,1
Masayuki Kimura,2011,2011,1
Masood Qazi,2013,2013,1
Masoud Daneshtalab,2008,2018,11
Masoumeh Ebrahimi,2009,2019,11
Massimo Alioto,2018,2018,1
Massimo Coppola,2008,2010,3
Massimo Ruo Roch,2010,2010,1
Massoud Pedram,2007,2020,14
Mateo Valero,2015,2015,1
Matias Escudero Martinez,2011,2011,1
Matt Grange,2009,2011,3
Mattan Erez,2009,2009,1
Matteo DallOsso,2012,2012,1
Matthew Carlberg,2010,2010,1
Matthew K. Farrens,2010,2011,2
Matthew Mattina,2007,2007,1
Matthew Pirretti,2004,2004,1
Matthew Poremba,2013,2018,6
Matthew Schuchhardt,2012,2012,1
Matthias Becker 0004,2016,2016,1
Matthias K¨¹hnle,2008,2008,1
Matthieu Briere,2004,2007,4
Mau-Chung Frank Chang,2019,2019,1
Maurizio Martina,2012,2012,1
Maurizio Palesi,2004,2019,16
Maurizio Zamboni,2010,2010,1
Max C. Lemme,2013,2013,1
Max Koenen,2019,2019,1
Mayank Parasar,2018,2020,3
Mazin S. Yousif,2006,2008,3
Md Farhadur Reza,2019,2019,1
Md Shahriar Shamim,2015,2015,1
Md. Ashif I. Sikder,2017,2017,1
Megan Logan,2020,2020,1
Mehdi Kamal,2013,2013,1
Mehdi Modarressi,2009,2018,10
Mei Yang,2013,2013,1
Meikang Qiu,2012,2012,1
Meilin Zhang,2011,2011,1
Meisam Abdollahi,2011,2011,1
Melinda Y. Agyekum,2010,2010,1
Meng Liu 0001,2016,2016,1
Meng-Hsun Tsai,2013,2013,1
Mengquan Li,2017,2020,4
Miao Li,2014,2014,1
Michael A. Frumkin,2008,2008,1
Michael Balszun,2017,2017,1
Michael C. Huang,2010,2015,6
Michael D. Powell,2005,2005,1
Michael Espig,2011,2011,1
Michael Gill,2015,2015,1
Michael Gla?,2008,2009,2
Michael H¨¹bner,2008,2008,1
Michael J. Meeuwsen,2009,2009,1
Michael J. Thul,2003,2005,3
Michael Jones,2005,2005,1
Michael Kishinevsky,2010,2012,3
Michael Leddige,2011,2011,1
Michael Lui,2020,2020,1
Michael N. Horak,2010,2010,1
Michael O. McCracken,2010,2012,3
Michael Opoku Agyeman,2015,2015,1
Michael Papamichael,2011,2012,2
Michael Richter,2012,2012,1
Michael Sheets,2001,2001,1
Michael Soulie,2009,2009,1
Michael Storgaard,2005,2005,1
Michael Vonbun,2019,2019,1
Michael Zelikson,2002,2002,1
Michael Zhang,2005,2005,1
Michal Lipson,2011,2011,1
Michal Rakowski,2011,2011,1
Michalis Paschou,2016,2016,1
Michel A. Kinsy,2009,2017,9
Michel J¨¦z¨¦quel,2007,2008,2
Michele Borgatti,2005,2005,1
Michele Favalli,2011,2016,6
Michele Petracca,2008,2010,3
Michele Stucchi,2011,2011,1
Michihiro Koibuchi,2008,2019,12
Midia Reshadi,2018,2019,2
Mieszko Lis,2009,2011,3
Miguel Gorgues,2014,2014,1
Miguel Gorgues Alonso,2016,2016,1
Mihailo Isakov,2017,2017,1
Mikael Millberg,2002,2009,8
Mike Ignatowski,2007,2007,1
Mike Parker,2015,2015,1
Mikel Luj¨¢n,2012,2017,6
Mikhail Kazdagli,2015,2015,1
Mikkel Bystrup Stensgaard,2007,2008,2
Mikko H. Lipasti,2008,2013,6
Milen Nikolov,2011,2011,1
Milos Panic,2016,2016,1
Milos Prvulovic,2011,2011,1
Milton Feng,2020,2020,1
Min Xie,2018,2018,1
Min Zhang 0012,2008,2008,1
Ming Li,2006,2006,1
Ming Liu 0011,2007,2007,1
Ming Yang,2010,2010,1
Ming-che Lai,2008,2008,1
Minglun Gao,2014,2016,3
Minje Jun,2010,2010,1
Minsoo Rhu,2020,2020,1
Minsu Kim,2010,2010,1
Miquel Moret¨®,2015,2015,1
Miralem Cosic,2013,2013,1
Miray Kas,2010,2010,1
Miri Kim,2014,2014,1
Mirko Loghi,2004,2004,1
Miro Cupac,2011,2011,1
Mishali Naik,2008,2008,1
Mitaro Namiki,2013,2013,1
Mitchell Hayenga,2009,2009,1
Mithuna Thottethodi,2001,2001,1
Mo Kwai Hung Morton,2009,2009,1
Mohamad Hamieh,2014,2014,1
Mohamad Sawan,2010,2010,1
Mohamed Bakhouya,2008,2009,2
Mohamed Ben-Romdhane,2005,2005,1
Mohamed-Anouar Dziri,2004,2004,1
Mohammad Abdullah Al Faruque,2008,2009,2
Mohammad Arjomand,2009,2009,1
Mohammad Fattah,2013,2015,3
Mohammad Hashem Haghbayan,2015,2015,1
Mohammad Hossein Neishaburi,2009,2009,1
Mohammad Hosseinabady,2007,2008,2
Mohammad Hossien Yaghmaee,2010,2010,1
Mohammad Mirza-Aghatabar,2007,2007,1
Mohammad Reza Jokar,2019,2020,2
Mohammad Reza Kakoee,2008,2011,4
Mohammad Sadrosadati,2017,2017,1
Mohammad Tehranipoor,2006,2006,1
Mohammadkazem Taram,2016,2016,1
Mohd Shahrizal Rusli,2015,2015,1
Mohit Tiwari,2015,2015,1
Moray McLaren,2011,2011,1
Morin Dehan,2011,2011,1
Moris Behnam,2016,2016,1
Mostafa Rizk,2016,2016,1
Mounir Zid,2014,2014,1
Muhammad Aqeel Wahlah,2008,2008,1
Muhammad Mukaram Khan,2007,2007,1
Muhammad N. Marsono,2015,2015,1
Muhammad Ridwan Madarbux,2015,2015,1
Muhammad Shafique 0001,2013,2015,3
Muhammad Shoaib Bin Altaf,2018,2018,1
Muhammad Usman Karim Khan,2015,2015,1
Mukund Ramakrishna,2013,2013,1
Muriel de Potter de ten Broeck,2011,2011,1
Myong Hyon Cho,2009,2011,3
Myriam Ariaudo,2014,2014,1
Myriam Assous,2020,2020,1
N. Coste,2011,2011,1
N. Pete Sedcole,2007,2008,2
Nacer-Eddine Zergainoh,2003,2018,16
Nachiket Kapre,2017,2018,2
Nacho Navarro,2015,2015,1
Nader Bagherzadeh,2009,2019,11
Nader Rafla,2019,2019,1
Naehyuck Chang,2006,2007,2
Najla Alfaraj,2010,2011,2
Nam Sung Kim,2019,2019,1
Nan Guan,2017,2019,3
Nan Jiang,2009,2020,12
Nan Wang,2011,2011,1
Nanning Zheng,2014,2014,1
Naoya Niwa,2019,2019,1
Naoya Onizawa,2011,2011,1
Narayanan Vijaykrishnan,2001,2011,11
Naseef Mansoor,2015,2015,1
Naser Khosro Pour,2012,2012,1
Natalie D. Enright Jerger,2008,2020,13
Nathan Beckmann,2010,2010,1
Nathan L. Binkert,2011,2011,1
Naveen Muralimanohar,2010,2011,2
Naveen Verma,2016,2016,1
Navonil Chatterjee,2019,2019,1
Nedison Velloso,2019,2019,1
Nevin Heintze,2002,2002,1
Ney Calazans,2004,2007,4
Ney Laert Vilar Calazans,2005,2010,6
Ng. Anh Vu Doan,2017,2017,1
Nguyen Anh Vu Doan,2019,2019,1
Nick Barrow-Williams,2009,2009,1
Nicola Concer,2006,2010,5
Nicolas Cassiau,2011,2011,1
Nicolas Genko,2005,2005,1
Nicolas Morey Chaisemartin,2013,2013,1
Nicol¨¢s Sherwood-Droz,2011,2011,1
Nicolas Ventroux,2010,2010,1
Nihar R. Mahapatra,2005,2005,1
Niket Agarwal,2009,2010,2
Nikhil Kulkarni,2012,2012,1
Nikil D. Dutt,2005,2013,9
Nikita Nikitin,2010,2013,4
Nikolaos Chrysos,2015,2015,1
Nikolaos Minas,2007,2011,5
Nikolay Stoimenov,2013,2013,1
Nikos Chrysos,2018,2018,1
Nikos Hardavellas,2012,2016,5
Nilanjan Banerjee,2004,2004,1
Nilmini Abeyratne,2013,2014,2
Nima Mirzaei,2015,2015,1
Ning Deng,2009,2009,1
Niraj K. Jha,2003,2009,7
Nishit Ashok Kapadia,2015,2015,1
Nithin Michael,2011,2013,3
Nitin Borkar,2007,2008,2
Nitthilan Kannappan Jayakodi,2020,2020,1
Nizar Dahir,2014,2014,1
Nobutaka Shimizu,2016,2016,1
Norbert Wehn,2003,2005,3
Noriyuki Miura,2013,2013,1
Norman P. Jouppi,2011,2011,1
Oded Katz,2015,2015,1
Odile Liboiron-Ladouceur,2016,2016,1
Ofer Markish,2015,2015,1
Ohyoung Jang,2012,2012,1
Oliver Bringmann 0001,2004,2007,4
Oliver Sander,2009,2009,1
Olivier Muller,2007,2007,1
Olivier Romain,2014,2014,1
Olivier Sentieys,2017,2019,3
Om Prakash Gangwal,2004,2005,2
Om Prakash Yadav,2011,2011,1
Omar Hammami,2012,2012,1
Omer Khan,2011,2013,3
Onur Derin,2011,2011,1
Onur Kayiran,2016,2018,3
Onur Mutlu,2009,2015,7
Ori Rottenstreich,2008,2008,1
Osmar Marchi dos Santos,2011,2011,1
Oussama Laouamri,2007,2007,1
?v¨¹n? Kocabas,2012,2012,1
Ozcan Ozturk 0001,2009,2009,1
Pablo Abad Fidalgo,2007,2012,6
Pablo Prieto,2007,2012,6
Pankaj Kumar Srivastava,2014,2014,1
Pao-Ann Hsiung,2010,2013,4
Paolo Burgio,2012,2012,1
Paolo Faraboschi,2012,2012,1
Paolo Giaccone,2015,2015,1
Paolo Grani,2013,2017,5
Paolo Ienne,2005,2005,1
Paolo Mantovani,2017,2018,2
Paolo Meloni,2006,2007,2
Paresh Limaye,2011,2011,1
Parisa Khadem Hamedani,2014,2014,1
Partha Kundu,2007,2011,5
Partha Pande 0001,2009,2009,1
Partha Pratim Pande,2003,2020,18
Pascal Benoit,2010,2010,1
Pascal T. Wolkotte,2005,2007,3
Pascal Vivet,2005,2020,16
Pasi Liljeberg,2010,2015,6
Pat Pannuto,2015,2015,1
Patrice Couvert,2013,2013,1
Patrick Griffin,2007,2007,1
Patrick Thiran,2005,2005,1
Paul Ampadu,2009,2019,11
Paul Andry,2007,2007,1
Paul Bogdan,2007,2018,12
Paul Gratz,2006,2015,10
Paul M. Rosinger,2007,2007,1
Paul Marchal,2011,2011,1
Paul R. Prucnal,2005,2005,1
Paul Teehan,2009,2009,1
Paul V. Gratz,2010,2020,11
Paul Vincent Mejia,2009,2010,2
Paul Wettin,2011,2014,4
Paul Wielage,2002,2004,3
Pavan Kumar Hanumolu,2017,2017,1
Pavel Ghosh,2009,2009,1
Pedro Javier Garc¨ªa,2005,2014,10
Pedro L¨®pez 0001,2007,2009,3
Peiyi Zhao,2011,2011,1
Pejman Lotfi-Kamran,2008,2017,10
Peng Chen 0027,2017,2017,1
Peng Liu 0016,2010,2015,6
Peng Wang 0036,2017,2019,3
Peng Yang 0003,2014,2018,5
Pengju Ren,2014,2014,1
Per Badlund,2007,2007,1
Peter Poplavko,2003,2003,1
Peter Y. K. Cheung,2007,2008,2
Petru Eles,2005,2005,1
Philip G. Emma,2007,2007,1
Philip K. F. H?lzenspies,2007,2007,1
Philip M. Watts,2015,2015,1
Philippe Bonnot 0001,2008,2008,1
Philippe Magarshack,2003,2003,1
Philippe Martin 0005,2005,2005,1
Philippe Millet,2008,2008,1
Philippe Olivier Alexandre Navaux,2009,2009,1
Pierre G. Paulin,2003,2011,9
Pierre Guironnet de Massas,2008,2013,6
Pierre Schamberger,2012,2012,1
Pierre Tissier,2020,2020,1
Pierre-Edouard Beaucamps,2013,2013,1
Pierre-Marie Martin,2018,2018,1
Pieter van der Wolf,2008,2009,2
Pietro Contu,2014,2014,1
Pietro Saltarelli,2015,2015,1
Pinaki Mazumder,2009,2009,1
Ping Song,2016,2016,1
Pin-Yu Chen,2019,2019,1
Po-Han Wang,2010,2010,1
Pooria M. Yaghini,2015,2016,2
Po-Tsang Huang,2008,2019,12
Pouya Fotouhi,2018,2018,1
Prabal Basu,2016,2016,1
Prabal Dutta,2015,2015,1
Prabhat Kumar,2009,2009,1
Prabhat Mishra,2018,2018,1
Prabhat Mishra 0001,2019,2020,2
Pradip Bose,2011,2011,1
Pradip Kumar Sahu,2013,2013,1
Pranay Koka,2010,2012,3
Prasanna Venkatesh Rengasamy,2014,2014,1
Praveen Vellanki,2004,2004,1
Preeti Ranjan Panda,2016,2016,1
Premkishore Shivakumar,2007,2007,1
Pritam Majumder,2017,2017,1
Pritha Ghoshal,2011,2011,1
Pritpal S. Multani,2013,2013,1
Priya Iyer,2007,2007,1
Priyadarsan Patra,2008,2015,8
Priyanka Ghosh,2019,2019,1
Puru Choudhary,2007,2007,1
Qi Hu,2015,2015,1
Qi Li 0013,2010,2010,1
Qi Liu,2009,2009,1
Qi Zhu 0002,2017,2017,1
Qi Zuo,2009,2011,3
Qiang Xu,2007,2008,2
Qiang Xu 0001,2008,2015,8
Qiaoyan Yu,2010,2012,3
Qing-An Zeng,2006,2006,1
Qingkun Li,2013,2013,1
Qingxin Meng,2014,2014,1
Rabi N. Mahapatra,2012,2013,2
Rachana Radhakrishnan,2014,2014,1
Rachata Ausavarungnirun,2012,2015,4
Rachel Gordin,2002,2002,1
Radu Andrei Stefan,2012,2012,1
Radu David,2011,2011,1
Radu Marculescu,2002,2017,16
Raed Al-Dujaily,2011,2014,4
Rafael K. V. Maeda,2017,2017,1
Rafael Kioji Vivas Maeda,2015,2015,1
Rafael Tornero Gavil¨¢,2012,2012,1
Ragh Kuttappa,2019,2020,2
Raghav Kishore,2016,2016,1
Rahul Agarwal,2011,2011,1
Rahul Boyapati,2017,2017,1
Rahul Jain 0004,2016,2016,1
Rainer D?mer,2018,2018,1
Rainer Leupers,2004,2004,1
Rajeev Balasubramonian,2009,2011,3
Rajeevan Amirtharajah,2010,2010,1
Rajesh J. S.,2015,2015,1
Rajesh Jayashankara Shridevi,2016,2016,1
Rakesh Kumar 0002,2005,2017,13
Ramakrishna Vadlamani,2009,2010,2
Ramesh Karri,2018,2018,1
Rami G. Melhem,2010,2015,6
Ram¨®n Beivide,2019,2019,1
Ramon Canal,2010,2010,1
Ran Ginosar,2004,2010,7
Ran Manevich,2009,2013,5
Randy Morris,2009,2009,1
Randy Wayne Morris Jr.,2010,2010,1
Ranganathan Hariharan,2015,2015,1
Ranggi Hwang,2020,2020,1
Raoul Velazco,2018,2018,1
Rapha?l David,2010,2010,1
Rasmus Bo Sorensen,2014,2016,3
Rasmus Gr?ndahl Olsen,2005,2005,1
Raul Martinez,2014,2014,1
Ravi R. Iyer,2011,2011,1
Ravishankar R. Iyer,2008,2009,2
Rawan Abdel-Khalek,2014,2016,3
Ray T. Chen,2009,2009,1
Raymond G. Beausoleil,2016,2016,1
Razvan C. Bunescu,2018,2019,2
Rebecca Berman,2010,2010,1
Reetuparna Das,2007,2014,8
Reiner Kolla,2016,2016,1
Remco van Steeden,2007,2007,1
Ren Wang,2013,2013,1
Renaud Ayrignac,2013,2013,1
Rene van Leuken,2010,2010,1
Res Saleh,2003,2006,4
Resve A. Saleh,2005,2006,2
Reza Berangi,2012,2012,1
Reza Sarvari,2007,2007,1
Reza Yazdani Aminabadi,2016,2016,1
Riccardo Locatelli,2004,2011,8
Richard Hersemeule,2010,2010,1
Richard R. Brooks,2004,2004,1
Richard R. Treumann,2011,2011,1
Richard Regler,2008,2008,1
Richard V. Penty,2008,2008,1
Rickard Holsmark,2008,2009,2
Riet Labie,2011,2011,1
Rikard Thid,2004,2004,1
Rimpy Bishnoi,2015,2015,1
Ritesh Parikh,2014,2015,2
Rob F. Van der Wijngaart,2008,2008,1
Robert D. Mullins,2004,2008,5
Robert G. McDonald,2006,2007,2
Robert Hesse,2012,2015,4
Robert P. Dick,2009,2009,1
Robert Schmidt,2018,2018,1
Robert Schreiber,2011,2011,1
Roberto P. de Oliveira,2009,2009,1
Roberto Proietti,2017,2018,2
Roberto Suaya,2013,2013,1
Roberto Zafalon,2004,2004,1
Robin Emery,2009,2009,1
Rodrigo Cataldo,2019,2019,1
Rohit Sunkam Ramanujam,2010,2010,1
Rolf Ernst,2009,2017,9
Romain Lemaire,2008,2011,4
Romain Vaslin,2007,2007,1
Roman Gindin,2007,2007,1
Rom¨¢n Hermida,2005,2005,1
Roman Koch,2006,2006,1
Ron Ho,2007,2015,9
Ron Weiss,2011,2011,1
Ronald G. Dreslinski,2012,2015,4
Rosemary M. Francis,2008,2008,1
Roshan Weerasekera,2009,2011,3
Rostislav (Reuven) Dobkin,2005,2007,3
Rozenn Allanic,2018,2018,1
Ruchir Puri,2007,2007,1
Rudolf Krist,2008,2008,1
Rudy Beraha,2009,2010,2
Rui Wu,2017,2017,1
Ruisheng Wang,2014,2014,1
Ruizhe Wu,2010,2012,3
Runan Ma,2015,2015,1
Russell Tessier,2009,2010,2
Ryan Gary Kim,2014,2020,7
Ryan Kastner,2013,2013,1
Ryosuke Mizuno,2016,2016,1
Ryota Yasudo,2014,2017,4
Ryousei Takano,2016,2016,1
Ryuhei Mori,2016,2016,1
Ryuichi Sakamoto,2013,2013,1
S. J. Ben Yoo,2017,2018,2
Sadia Moriam,2017,2017,1
Sahar Foroutan,2010,2012,3
Sai Prashanth Muralidhara,2009,2009,1
Sai Vineel Reddy Chittamuru,2016,2018,3
Sailaja Madduri,2009,2009,1
Sai-Wang Tam,2008,2008,1
Salman Khan,2012,2012,1
Salvatore Carta,2005,2006,2
Salvatore Iamundo,2009,2009,1
Salvatore Monteleone,2015,2019,5
Salvatore Signorino,2008,2008,1
Sam Kerner,2003,2003,1
Samarjit Chakraborty,2017,2017,1
Sami Taktak,2008,2008,1
Samuel Evain,2007,2007,1
Samuel Jones,2013,2013,1
Samuel Rodrigo,2008,2010,3
Sandeep Pande,2012,2012,1
Sander Stuijk,2005,2005,1
Sandro Bartolini,2013,2014,2
Sangeetha Jose,2018,2018,1
Sanghamitra Roy,2012,2016,5
Sang-Il Han,2004,2004,1
Sanjit A. Seshia,2011,2011,1
Santanu Chattopadhyay,2013,2013,1
Santiago Gonz¨¢lez Pestana,2004,2005,2
Santosh Biswas,2017,2017,1
Sao-Jie Chen,2009,2013,5
Sara Akbari,2012,2012,1
Sarath Babu,2018,2018,1
Satish Narayanasamy,2013,2013,1
Satrajit Chatterjee,2010,2010,1
Saurabh Dighe,2007,2008,2
Savas Kaya,2011,2013,3
Sayak Ray,2014,2014,1
Scott Beamer,2009,2010,2
Scott Van Winkle,2018,2018,1
Seamus Cawley,2012,2012,1
Sean Franey,2013,2013,1
Sean Salisbury,2008,2008,1
Sebastian Kobbe,2014,2014,1
Sebastian Tobuschat,2016,2017,2
Sebastian Werner,2017,2018,2
S¨¦bastien Le Beux,2011,2019,9
S¨¦bastien Quintanel,2014,2014,1
Seh-Woong Jeong,2009,2009,1
Se-Joong Lee,2006,2006,1
Selma Saidi,2016,2016,1
Seok-Bum Ko,2014,2014,1
Sergi Abadal,2013,2018,6
Sergio Tota,2010,2010,1
Seung Eun Lee,2009,2011,3
Seung Woo Son 0001,2008,2008,1
Seungjin Lee 0001,2007,2010,4
Seungryoul Maeng,2014,2014,1
Seyed Ghassem Miremadi,2007,2007,1
Seyedeh Yasaman Hosseini Mirmahaleh,2019,2019,1
Seyyed Hossein Seyyedaghaei Rezaei,2016,2016,1
Shaahin Hessabi,2007,2017,11
Shahin Nazarian,2018,2018,1
Shahin Roozkhosh,2017,2017,1
Shahriar Mirabbasi,2006,2006,1
Shailendra Jain,2007,2008,2
Shalimar Rasheed,2014,2014,1
Shan Tang,2007,2008,2
Shang Wang,2010,2010,1
Shangping Ren,2010,2010,1
Shankar Mahadevan,2005,2006,2
Shaoteng Liu,2012,2015,4
Shao-Yun Fang,2018,2018,1
Sharad Malik,2001,2014,14
Shashi Kumar,2002,2009,8
Shau-Yin Tseng,2010,2010,1
Shayesteh Masoumian,2017,2017,1
Sheau Jiung Lee,2019,2019,1
Shekhar Borkar,2007,2008,2
Sheng Ma,2011,2019,9
Sheng Xu,2007,2007,1
Sheng-Chun Kao,2019,2019,1
Shenggang Chen,2016,2019,4
Sheng-Ya Tong,2012,2012,1
Shengyan Wen,2018,2018,1
Shidhartha Das,2019,2019,1
Shigeru Nakamura,2016,2016,1
Shih-Hsin Lo,2009,2009,1
Shih-Yin Lin,2011,2011,1
Shijun Lin,2008,2008,1
Shinobu Fujita,2008,2008,1
Shoaib Kamil,2009,2009,1
Shomit Das,2013,2013,1
Shouvik Musavvir,2020,2020,1
Shu Namiki,2016,2016,1
Shubhendu S. Mukherjee,2001,2001,1
Shufan Yang,2007,2007,1
Shu-Hsuan Chou,2009,2009,1
Shuming Chen,2007,2010,4
Shvan Karim,2020,2020,1
Siamak Mohammadi,2009,2015,7
Siau Ben Chiah,2017,2017,1
Siavash S. Yazdi,2015,2015,1
Siavoosh Payandeh Azad,2016,2016,1
Siddharth Garg,2015,2015,1
Siddharth Jain,2012,2012,1
Siddharth Umrani,2008,2008,1
Siddhartha 0001,2017,2017,1
Siddhartha Nath,2012,2013,2
Sidhartha Sankar Rout,2018,2018,1
Sigurd Wagner,2016,2016,1
Simon Ogg,2007,2008,2
Simon Reder,2018,2018,1
Simon W. Moore,2004,2009,6
Simone Medardoni,2008,2010,3
Siyu Yue,2014,2014,1
Siyuan Xiao,2019,2019,1
Slobodan Lukovic,2008,2008,1
Smruti R. Sarangi,2019,2019,1
Snaider Carrillo,2012,2012,1
Sobhan Niknam,2017,2019,3
Sohini Dasgupta,2009,2009,1
Somayyeh Koohi,2007,2011,5
Soo-Ik Chae,2004,2004,1
Soo-Kwan Eo,2008,2008,1
Soonhoi Ha,2009,2009,1
S?ren Sonntag,2010,2010,1
Sorin Dan Cotofana,2012,2015,4
Sorin Manolache,2005,2005,1
Soumya Eachempati,2008,2009,2
Soumyasanta Laha,2013,2013,1
Sourav Das,2016,2018,3
Sreenivas Subramoney,2016,2016,1
Sri Harsha Gade,2015,2018,4
Sri Parameswaran,2004,2015,12
Srimat T. Chakradhar,2004,2004,1
Srinivas Devadas,2009,2013,5
Srinivas Shakkottai,2014,2014,1
Srinivasan Gopal,2017,2017,1
Srinivasan Murali,2004,2010,7
Sriram Krishnamoorthy,2019,2019,1
Sriram R. Vangal,2007,2008,2
Sriram Venkataraman,2007,2007,1
Sriram Vishwanath,2015,2015,1
Stanko Novakovic,2015,2015,1
Stavros Volos,2012,2012,1
Stefan Wildermann,2011,2011,1
Stephan Bourduas,2007,2007,1
Stephan Werner 0002,2013,2013,1
St¨¦phane Bernab¨¦,2020,2020,1
Stephane Bronckers,2011,2011,1
St¨¦phane Chevobbe,2013,2013,1
St¨¦phane Malhouitre,2020,2020,1
Stephen A. Edwards,2006,2006,1
Stephen B. Furber,2002,2007,6
Stephen P. Boyd,2002,2004,3
Stephen W. Keckler,2006,2011,6
Stergios Stergiou,2005,2005,1
Steve B. Furber,2008,2014,7
Steve Scott,2015,2015,1
Steve Temple,2007,2013,7
Steven J. E. Wilton,2006,2006,1
Steven J. Koester,2007,2007,1
Steven M. Nowick,2010,2017,8
Steven Thijs,2011,2011,1
Subhash Sethumurugan,2020,2020,1
Subhasish Mitra,2008,2008,1
Subodha Charles,2018,2020,3
Suboh A. Suboh,2008,2009,2
Subramanian S. Iyer,2019,2019,1
Sudarshan Banerjee,2007,2007,1
Sudeep Pasricha,2005,2019,15
Sudhakar Yalamanchili,2013,2014,2
Sudhir Satpathy,2012,2013,2
Sudipta Mondal,2018,2018,1
Sujan Pandey,2006,2006,1
Sujay Deb,2010,2018,9
Sujit Dey,2002,2005,4
Suman Prasad Sah,2012,2013,2
Sumedh S. Attarde,2011,2011,1
Sungchan Kim,2009,2009,1
Sunggu Lee,2010,2010,1
Sunghyun Park,2012,2014,3
Sungjoo Yoo,2003,2010,8
Sung-Min Hong,2008,2008,1
Sungroh Yoon,2010,2010,1
Sungwoo Choo,2012,2012,1
Sunil P. Khatri,2012,2013,2
Supamas Sirichotiyakul,2001,2001,1
Supreet Jeloka,2014,2014,1
Supriya Rao,2014,2014,1
Suvinay Subramanian,2014,2014,1
Syed Minhaj Hassan,2013,2014,2
Syed Mohammad Asad Hassan Jafri,2017,2017,1
Syed Rameez Naqvi,2014,2014,1
Sylvain Miermont,2008,2009,2
T. Michalke,2004,2004,1
T. N. Vijaykumar,2005,2005,1
Tadahiro Kuroda,2011,2014,4
Tadao Nakamura,2014,2015,2
Taehun Kim,2020,2020,1
Taek-Jun Kwon,2009,2010,2
Taeweon Suh,2004,2004,1
Taewhan Kim,2007,2007,1
Tajana Simunic,2002,2004,3
Takahiro Hanyu,2011,2011,1
Takahiro Kagami,2013,2014,2
Takamaro Kikkawa,2011,2011,1
Takashi Miyamori,2013,2013,1
Takeshi Kodaka,2013,2013,1
Tamar Kranenburg,2010,2010,1
Tamer Ragheb,2007,2007,1
Tang Lei,2003,2003,1
Tapani Ahonen,2004,2007,4
Tapio Pahikkala,2015,2015,1
Tarek A. El-Ghazawi,2008,2009,2
Tarik Ono-Tesfaye,2009,2009,1
Ted Huffmire,2013,2013,1
Ted Jiang,2015,2015,1
Teresa Nachiondo Frin¨®s,2005,2005,1
Terrence S. T. Mak,2007,2019,13
Terry Tao Ye,2003,2003,1
Teruaki Kitasuka,2016,2016,1
Theo Theocharides,2005,2005,1
Theo Ungerer,2017,2017,1
Th¨¦odore Marescaux,2004,2007,4
Thiago R. da Rosa,2009,2009,1
Thiago Santini,2013,2013,1
Thiem Van Chu,2016,2016,1
Thierry Le Gouguec,2018,2018,1
Thierry Strudel,2013,2013,1
Thilo Pionteck,2006,2006,1
Thomas Bradley,2017,2017,1
Thomas D. Richardson,2006,2006,1
Thomas Ebi,2009,2009,1
Thomas F. Wenisch,2017,2017,1
Thomas H. Lee,2008,2008,1
Thomas Hollstein,2008,2016,9
Thomas Moscibroda,2009,2010,2
Thomas Nolte,2016,2016,1
Thomas Wild,2010,2019,10
Thomas William Ainsworth,2007,2007,1
Tiansheng Zhang,2014,2016,3
Tiberiu C. Galambos,2002,2002,1
Tiehan Lv,2004,2004,1
Tien-Fu Chen,2009,2009,1
Tiffany Moy,2016,2016,1
Tiju Jacob,2007,2008,2
Tim Kogel,2004,2004,1
Tim Schmidt,2018,2018,1
Timo D. H?m?l?inen,2007,2007,1
Timo Sch?nwald,2007,2007,1
Timo Stripf,2018,2018,1
Timon D. ter Braak,2018,2018,1
Timothy G. Mattson,2008,2008,1
Timothy M. Jones 0001,2015,2015,1
Timothy Mark Pinkston,2003,2015,13
Timothy Sherwood,2005,2013,9
Tina Wen,2009,2009,1
Ting Lu,2011,2011,1
Ting-Ru Lin,2020,2020,1
Ting-Yi Wang,2019,2019,1
Tinoosh Mohsenin,2009,2009,1
Tobias Bjerregaard,2005,2007,3
Todd M. Austin,2008,2008,1
Todor P. Stefanov,2017,2019,3
Tom English,2011,2011,1
Tomas Henriksson,2008,2009,2
Tom¨¢s Picornell,2019,2019,1
Tomaz Feliciian,2004,2004,1
Tommaso DeMarco,2008,2008,1
Tomohiro Kudoh,2016,2016,1
Tomohiro Totoki,2019,2019,1
Tomohiro Yoneda,2016,2016,1
Tomoya Ozaki,2015,2015,1
Tor M. Aamodt,2010,2010,1
Toru Sano,2013,2013,1
Toru Shimizu,2014,2014,1
Travis Boraten,2016,2016,1
Travis H. Boraten,2018,2018,1
Trevor N. Mudge,2012,2014,3
Tsukasa Oishi,2014,2014,1
Tsung-Chan Tsai,2012,2012,1
Tsung-Ching Huang,2016,2016,1
Tsung-Yuan Charlie Tai,2013,2013,1
Tsutomu Yoshinaga,2009,2009,1
Tudor Dumitras,2003,2003,1
Tulika Mitra,2017,2018,2
Turbo Majumder,2015,2015,1
Tushar Krishna,2009,2020,12
Tushar N. K. Jain,2010,2010,1
Twan Basten,2003,2007,5
Tzyy-Juin Kao,2016,2016,1
Ujjwal Gupta,2016,2016,1
Ulf Schlichtmann,2013,2018,6
¨¹mit Y. Ogras,2005,2018,14
Uzi Vishkin,2008,2010,3
V. Catalano,2008,2008,1
Vahideh Akhlaghi,2013,2013,1
Vaishnav Srinivas,2016,2016,1
Valentin Puente,2007,2012,6
Valentino Peluso,2018,2018,1
Valeria Bertacco,2009,2016,8
Van-Dung Pham,2017,2017,1
Varun Bhat,2018,2018,1
Vasantha Erraguntla,2008,2008,1
Vasil Pano,2019,2019,1
Vasilis F. Pavlidis,2007,2009,3
Vassilios Papaefstathiou,2018,2018,1
Vassilis Papaefstathiou,2014,2014,1
Vassos Soteriou,2006,2015,10
Veerle Simons,2011,2011,1
Venkata Yaswanth Raparti,2015,2019,5
Venkatesh Akella,2010,2017,8
Victor V. Zyuban,2005,2005,1
V¨ªctor Vi?als,2014,2014,1
Victoria Vishnyakov,2005,2005,1
Vijay Degalahal,2006,2006,1
Vijay Laxmi,2014,2015,2
Vijaykrishnan Narayanan,2008,2013,6
Vikas Chandra,2004,2004,1
Vincent Beroulle,2007,2008,2
Vincent Nollet,2004,2004,1
Vincenzo Catania,2004,2019,16
Vineeth Govind,2015,2015,1
Vipin Kumar Kukkala,2017,2017,1
Vivek De,2018,2018,1
Vladimir Cherman,2011,2011,1
Vladimir Pasca,2010,2010,1
Vladimir Stojanovic,2009,2012,4
Vladimir Todorov,2013,2013,1
W. Scott Lee,2008,2008,1
Wai Hong Ho,2003,2003,1
Walid Lafi,2011,2011,1
Wander O. Ces¨¢rio,2004,2004,1
Wanli Chang,2019,2019,1
Warren Jin 0002,2016,2016,1
Warren Rieutort-Louis,2016,2016,1
Wayne Burleson,2014,2014,1
Wayne H. Cheng,2009,2009,1
Wayne H. Wolf,2004,2006,3
Wayne Luk,2007,2008,2
Wayne P. Burleson,2007,2017,11
Wei Ding,2012,2015,4
Wei Huang 0004,2011,2011,1
Wei Hwang,2008,2008,1
Wei Jiang,2006,2006,1
Wei Song 0002,2009,2009,1
Wei Zhang 0012,2009,2011,3
Weichen Liu,2010,2020,11
Weidong Kuang,2011,2011,1
Wei-Han Cho,2019,2019,1
Wei-Li Fang,2008,2008,1
Wein-Tsung Shen,2007,2007,1
Weiwei Jiang,2017,2017,1
Weiwu Hu,2009,2009,1
Weixing Ji,2009,2011,3
Wen Zong,2015,2015,1
Wen-Ben Jone,2006,2006,1
Wenbo Dai,2014,2014,1
Weng-Fai Wong,2020,2020,1
Wen-Hsiang Hu,2011,2011,1
Wenhua Dou,2009,2009,1
Wilfried Haensch,2007,2007,1
William Fornaciari,2013,2013,1
William J. Dally,2001,2013,13
William Rayess,2013,2013,1
Wim Dehaene,2005,2011,7
Wolf-Dietrich Weber,2005,2005,1
Wolfgang E. Denzel,2011,2011,1
Wolfgang Rosenstiel,2004,2007,4
Wonje Choi,2017,2017,1
Woo-Cheol Kwon,2008,2014,7
Wooyoung Jang,2010,2010,1
Wounjhang Park,2009,2009,1
Wouter Ruythooren,2011,2011,1
Xavier Letartre,2015,2015,1
Xavier Martorell,2015,2015,1
Xavier Popon,2009,2009,1
Xavier Timoneda,2018,2018,1
Xi Chen,2012,2014,3
Xia Zhao,2016,2019,4
Xian Li,2015,2015,1
Xian Xiao,2018,2018,1
Xiang Gao,2009,2009,1
Xiang Wu,2007,2007,1
Xiang Zhang,2009,2010,2
Xiang-Hui Xie 0001,2015,2015,1
Xiangyang Li,2016,2016,1
Xiangyao Yu,2012,2012,1
Xiangyu Dong,2010,2011,2
Xiangyuan Liu,2007,2007,1
Xianyang Jiang,2012,2012,1
Xiaobin Liu,2014,2014,1
Xiaochen Guo,2019,2019,1
Xiaohang Wang,2013,2020,8
Xiaolang Yan,2014,2014,1
Xiaoli Ma,2019,2019,1
Xiaowei He,2018,2018,1
Xiaowei Li 0001,2010,2016,7
Xiaowei Ren,2014,2014,1
Xiaowen Chen,2010,2017,8
Xiaowen Wu,2010,2015,6
Xiaoxia Wu,2010,2010,1
Xin Wang,2007,2007,1
Xinmin Yu,2012,2014,3
Xinping Zhu,2004,2004,1
Xinyu Li,2012,2012,1
Xiuyi Zhou,2009,2009,1
Xizi Chen,2018,2018,1
Xuan Wang 0001,2010,2015,6
Xuanqi Chen,2016,2018,3
Xuan-Tu Tran,2007,2009,3
Xueqian Zhao,2013,2013,1
Xuezhe Zheng,2010,2012,3
Xun Jian,2017,2017,1
Xuning Chen,2005,2005,1
Yadong Wang,2020,2020,1
Yan Pan,2009,2010,2
Yan Solihin,2013,2013,1
Yan Tang,2008,2008,1
Yanchen Long,2014,2014,1
Yang Guo,2017,2017,1
Yang Xu 0010,2011,2011,1
Yang Yang,2016,2016,1
Yang Zhang,2011,2011,1
Yangdi Lyu,2019,2019,1
Yanghao Ou,2016,2016,1
Yaniv Ben-Itzhak,2011,2012,2
Yanjing Li,2019,2020,2
Yann LeCun,1992,1992,1
Yao Wang 0008,2012,2013,2
Yao Xiao,2018,2018,1
Yaohua Wang,2016,2016,1
Yaoyao Ye,2010,2014,5
Yashar Asgarieh,2016,2016,1
Yasmin Afsar,2016,2016,1
Yasuhiro Take,2011,2014,4
Yasuko Eckert,2020,2020,1
Yasunao Katayama,2007,2007,1
Yasunobu Nakase,2014,2014,1
Yasuyuki Suzuki,2016,2016,1
Yatin Hoskote,2007,2008,2
Yatin Vasant Hoskote,2009,2009,1
Yatish Patel,2009,2009,1
Yawara Ishida,2016,2016,1
Ye Lu 0003,2012,2012,1
Yean-Ru Chen,2012,2013,2
Yebin Shi,2007,2008,2
Yehia Massoud,2007,2007,1
Yenai Ma,2015,2016,2
Ye-Sheng Kuo,2015,2015,1
Yi Wang,2012,2012,1
Yi Wang 0007,2008,2011,4
Yi Xu,2009,2012,4
Yi-Chao Chan,2009,2009,1
Yifan Yuan,2019,2019,1
Yigit Demir,2015,2016,2
Yihe Sun,2009,2009,1
Yi-Jung Chen,2010,2010,1
Yilei Li,2019,2019,1
Yilin Zhang,2009,2009,1
Yiming Ouyang,2017,2017,1
Ying Fei Teh,2012,2012,1
Ying Gao 0001,2013,2013,1
Ying Wang 0001,2016,2016,1
Ying Zhang 0040,2019,2019,1
Ying-Cherng Lan,2009,2009,1
Yingtao Jiang,2013,2013,1
Yingzhe Hu,2016,2016,1
Yinhe Han,2010,2016,7
Yin-Ling Wang,2008,2008,1
Yiping Fan,2006,2006,1
Yiping Kang,2014,2014,1
Yiyuan Xie,2010,2019,10
Yo-Hao Tu,2019,2019,1
Yong Zou 0001,2011,2011,1
YongHwan Kim,2007,2007,1
Yong-Jin Kwon,2009,2010,2
Yongliang Zhang,2017,2017,1
Yoonmyung Lee,2015,2015,1
Yoshi Shih-Chieh Huang,2010,2013,4
Youcef Bouchebaba,2007,2007,1
Youjie Li,2019,2019,1
Young Hoon Kang,2009,2010,2
Youngchul Cho,2003,2003,1
Youngeun Kwon,2020,2020,1
Young-Jin Yoon,2010,2017,8
Young-Pyo Joo,2009,2009,1
Youssef Travaly,2011,2011,1
Youtao Zhang,2009,2013,5
Yu Du,2009,2009,1
Yu Hen Hu,2009,2009,1
Yu Zhang,2009,2009,1
Yuan Du,2019,2019,1
Yu-An Tan,2009,2009,1
Yuan Xie 0001,2005,2017,13
Yuan Yao 0009,2014,2018,5
Yuankun Xue,2014,2016,3
Yuanrui Zhang,2012,2012,1
Yuanwu Lei,2016,2016,1
Yuan-Ying Chang,2012,2013,2
Yuch-Chi Yang,2019,2019,1
Yuchen Hao,2015,2015,1
Yu-Chi Chang,2012,2012,1
Yue Qian,2009,2009,1
Yue Yu,2010,2010,1
Yueh-Chi Lin,2009,2009,1
Yue-Kai Huang,2005,2005,1
Yuh-Fang Tsai,2005,2005,1
Yuho Jin,2007,2009,3
Yu-Hsiang Kao,2010,2011,2
Yuichi Nakamura,2016,2016,1
Yu-Kai Chuang,2018,2018,1
Yuki Ono,2011,2011,1
Yukinori Nishiyama,2011,2011,1
Yu-Kuang Lien,2007,2007,1
Yuming Jiang,2014,2014,1
Yunfan Li,2020,2020,1
Yung-Chang Chang,2011,2011,1
Yunji Chen,2009,2009,1
Yury Markovsky,2009,2009,1
Yusuke Koizumi,2013,2013,1
Yuxi Liu,2016,2016,1
Yuyang Wang,2017,2017,1
Yvain Thonnart,2007,2020,14
Yves Durand,2008,2008,1
Yves Lhuillier,2013,2013,1
Yves Lou?t,2014,2014,1
Yves Vanderperren,2005,2005,1
Zaid Al-Ars,2013,2013,1
Zainalabedin Navabi,2007,2008,2
Zana Ghaderi,2017,2017,1
Zebo Peng,2005,2019,15
Zeljko Zilic,2007,2007,1
Zeshan Chishti,2005,2005,1
Zeyu Zhang,2017,2017,1
Zhe Wang 0003,2015,2017,3
Zhehui Wang,2011,2018,8
Zhen Zhang,2008,2008,1
Zheng Li,2009,2009,1
Zheng Shi,2008,2008,1
Zheng Xu 0006,2012,2012,1
Zhengbin Pang,2017,2018,2
Zhenmin Li,2017,2017,1
Zhenyu Zhao,2018,2018,1
Zhibin Xiao,2009,2009,1
Zhibin Yu 0001,2019,2019,1
Zhida Hui,2015,2015,1
Zhifei Wang,2015,2018,4
Zhifeng Lin,2018,2018,1
Zhigang Yu,2014,2014,1
Zhiliang Qian,2012,2014,3
Zhilu Wang,2017,2017,1
Zhiru Zhang,2006,2006,1
Zhiyi Yu,2009,2009,1
Zhiying Wang,2008,2019,12
Zhiyoong Foo,2015,2015,1
Zhongfeng Wang,2011,2011,1
Zhonghai Lu,2007,2019,13
Zhongqi Cheng,2018,2018,1
Zhongsheng Chen,2019,2019,1
Zhuofan Liao,2018,2018,1
Zicong Wang,2017,2017,1
Zied Marrakchi,2007,2007,1
Zimo Li,2016,2016,1
Zi-Rong Wangt,2013,2013,1
Zuo Wang,2009,2009,1
